name,city,type,website,source
Vishwakarma Government Engineering College,Ahmedabad,Engineering,,"web search: Careers360, Collegedunia, CollegeDekho, Shiksha college lists"
Ahmedabad Institute of Technology,Ahmedabad,Engineering,,"web search: Careers360, Collegedunia, CollegeDekho, Shiksha college lists"
Hasmukh Goswami College of Engineering,Ahmedabad,Engineering,,"web search: Careers360, Collegedunia, CollegeDekho, Shiksha college lists"
LJ Institute of Engineering and Technology,Ahmedabad,Engineering,,"web search: Careers360, Collegedunia, CollegeDekho, Shiksha college lists"
Narnarayan Shastri Institute of Technology,Ahmedabad,Engineering,,"web search: Careers360, Collegedunia, CollegeDekho, Shiksha college lists"
Gujarat Technological University,Ahmedabad,Engineering,,"web search: Careers360, Collegedunia, CollegeDekho, Shiksha college lists"
Navgujarat College of Computer Applications,Ahmedabad,Computer Applications / Science,https://ngcca.ngc.edu.in,"web search: Careers360, Collegedunia, CollegeDekho, Shiksha college lists"
JG College of Computer Application,Ahmedabad,Computer Applications / Science,https://jgbca.jgcolleges.org,"web search: Careers360, Collegedunia, CollegeDekho, Shiksha college lists"
GLS Institute of Computer Application,Ahmedabad,Computer Applications / Science,,"web search: Careers360, Collegedunia, CollegeDekho, Shiksha college lists"
Gujarat Arts and Science College,Ahmedabad,Computer Applications / Science,,"web search: Careers360, Collegedunia, CollegeDekho, Shiksha college lists"
St. Xavier's College Ahmedabad,Ahmedabad,Computer Applications / Science,,"web search: Careers360, Collegedunia, CollegeDekho, Shiksha college lists"
Silver Oak College of Computer Application,Ahmedabad,Computer Applications / Science,,"web search: Careers360, Collegedunia, CollegeDekho, Shiksha college lists"
Gujarat University,Ahmedabad,Computer Applications / Science,,"web search: Careers360, Collegedunia, CollegeDekho, Shiksha college lists"
Indus University,Ahmedabad,University,,"web search: Careers360, Collegedunia, CollegeDekho, Shiksha college lists"
GLS University,Ahmedabad,University,,"web search: Careers360, Collegedunia, CollegeDekho, Shiksha college lists"
LJ University,Ahmedabad,University,,"web search: Careers360, Collegedunia, CollegeDekho, Shiksha college lists"
IIT Gandhinagar,Gandhinagar,Engineering,,"web search: Careers360, Collegedunia, CollegeDekho, Shiksha college lists"
DA-IICT,Gandhinagar,Engineering,,"web search: Careers360, Collegedunia, CollegeDekho, Shiksha college lists"
Gandhinagar Institute of Technology,Gandhinagar,Engineering,,"web search: Careers360, Collegedunia, CollegeDekho, Shiksha college lists"
Pandit Deendayal Energy University,Gandhinagar,Engineering,,"web search: Careers360, Collegedunia, CollegeDekho, Shiksha college lists"
Government Engineering College Gandhinagar,Gandhinagar,Engineering,,"web search: Careers360, Collegedunia, CollegeDekho, Shiksha college lists"
LDRP Institute of Technology and Research,Gandhinagar,Engineering,,"web search: Careers360, Collegedunia, CollegeDekho, Shiksha college lists"
Maharaja Sayajirao University of Baroda,Vadodara,University,,"web search: Careers360, Collegedunia, CollegeDekho, Shiksha college lists"
Parul University,Vadodara,University,,"web search: Careers360, Collegedunia, CollegeDekho, Shiksha college lists"
Sigma University,Vadodara,University,https://sigmauniversity.ac.in,"web search: Careers360, Collegedunia, CollegeDekho, Shiksha college lists"
ITM SLS Baroda University,Vadodara,University,https://itmbu.ac.in,"web search: Careers360, Collegedunia, CollegeDekho, Shiksha college lists"
ITM Vocational University,Vadodara,University,,"web search: Careers360, Collegedunia, CollegeDekho, Shiksha college lists"
Navrachana University,Vadodara,University,,"web search: Careers360, Collegedunia, CollegeDekho, Shiksha college lists"
IIIT Vadodara,Vadodara,Engineering,,"web search: Careers360, Collegedunia, CollegeDekho, Shiksha college lists"
Vadodara Institute of Engineering,Vadodara,Engineering,,"web search: Careers360, Collegedunia, CollegeDekho, Shiksha college lists"
Shri M.H. Kadakia Institute of Management and Computer Studies,Vadodara,Computer Applications / Science,,"web search: Careers360, Collegedunia, CollegeDekho, Shiksha college lists"
SVNIT Surat,Surat,Engineering,,"web search: Careers360, Collegedunia, CollegeDekho, Shiksha college lists"
Sarvajanik College of Engineering and Technology,Surat,Engineering,,"web search: Careers360, Collegedunia, CollegeDekho, Shiksha college lists"
Government Engineering College Surat,Surat,Engineering,,"web search: Careers360, Collegedunia, CollegeDekho, Shiksha college lists"
CK Pithawala College of Engineering and Technology,Surat,Engineering,,"web search: Careers360, Collegedunia, CollegeDekho, Shiksha college lists"
Darshan Institute of Engineering and Technology,Rajkot,Engineering,,"web search: Careers360, Collegedunia, CollegeDekho, Shiksha college lists"
Atmiya University,Rajkot,Engineering,,"web search: Careers360, Collegedunia, CollegeDekho, Shiksha college lists"
VVP Engineering College,Rajkot,Engineering,,"web search: Careers360, Collegedunia, CollegeDekho, Shiksha college lists"
Government Engineering College Rajkot,Rajkot,Engineering,,"web search: Careers360, Collegedunia, CollegeDekho, Shiksha college lists"
