name,sector,city,size,website,source
Accretion Pharmaceuticals,Pharma,Ahmedabad,Medium,https://accretionpharma.com,"web search: pharma directories (D&B, pharmahopers, pharmaadda, protechtelelinks)"
Rhombus Pharma,Pharma,Ahmedabad,Medium,https://www.rhombuspharma.com,"web search: pharma directories (D&B, pharmahopers, pharmaadda, protechtelelinks)"
Zivon Lifecare,Pharma,Ahmedabad,Medium,,"web search: pharma directories (D&B, pharmahopers, pharmaadda, protechtelelinks)"
Unison Pharmaceuticals,Pharma,Ahmedabad,Medium,,"web search: pharma directories (D&B, pharmahopers, pharmaadda, protechtelelinks)"
Nabros Pharma,Pharma,Ahmedabad,Medium,,"web search: pharma directories (D&B, pharmahopers, pharmaadda, protechtelelinks)"
Eris Lifesciences,Pharma,Ahmedabad,Medium,,"web search: pharma directories (D&B, pharmahopers, pharmaadda, protechtelelinks)"
Dishman Carbogen Amcis,Pharma,Ahmedabad,Medium,,"web search: pharma directories (D&B, pharmahopers, pharmaadda, protechtelelinks)"
Kashmik Formulation,Pharma,Ahmedabad,Medium,https://kashmikformulation.com,"web search: pharma directories (D&B, pharmahopers, pharmaadda, protechtelelinks)"
Elysium Pharmaceuticals,Pharma,Vadodara,Medium,,"web search: pharma directories (D&B, pharmahopers, pharmaadda, protechtelelinks)"
Relax Biotech,Pharma,Vadodara,Medium,,"web search: pharma directories (D&B, pharmahopers, pharmaadda, protechtelelinks)"
Baroda Pharmaceutical Industries,Pharma,Vadodara,Medium,,"web search: pharma directories (D&B, pharmahopers, pharmaadda, protechtelelinks)"
Sudeep Pharma,Pharma,Vadodara,Medium,,"web search: pharma directories (D&B, pharmahopers, pharmaadda, protechtelelinks)"
Futurelife Pharmaceuticals,Pharma,Vadodara,Medium,,"web search: pharma directories (D&B, pharmahopers, pharmaadda, protechtelelinks)"
Kaptab Pharmaceuticals,Pharma,Vadodara,Medium,,"web search: pharma directories (D&B, pharmahopers, pharmaadda, protechtelelinks)"
Comed Chemicals,Pharma,Vadodara,Medium,,"web search: pharma directories (D&B, pharmahopers, pharmaadda, protechtelelinks)"
BDR Pharmaceuticals International,Pharma,Vadodara,Medium,,"web search: pharma directories (D&B, pharmahopers, pharmaadda, protechtelelinks)"
Shalman Pharmaceutical,Pharma,Vadodara,Medium,,"web search: pharma directories (D&B, pharmahopers, pharmaadda, protechtelelinks)"
Ocean Pharmaceuticals,Pharma,Vadodara,Medium,,"web search: pharma directories (D&B, pharmahopers, pharmaadda, protechtelelinks)"
Genetic Pharma,Pharma,Vadodara,Medium,,"web search: pharma directories (D&B, pharmahopers, pharmaadda, protechtelelinks)"
Delwis Healthcare,Pharma,Vadodara,Medium,,"web search: pharma directories (D&B, pharmahopers, pharmaadda, protechtelelinks)"
Kavya Pharma,Pharma,Vadodara,Medium,,"web search: pharma directories (D&B, pharmahopers, pharmaadda, protechtelelinks)"
Shime Pharmaceuticals,Pharma,Vadodara,Medium,,"web search: pharma directories (D&B, pharmahopers, pharmaadda, protechtelelinks)"
Omgene Life Science,Pharma,Vadodara,Medium,,"web search: pharma directories (D&B, pharmahopers, pharmaadda, protechtelelinks)"
Bellan Pharmaceuticals,Pharma,Vadodara,Medium,,"web search: pharma directories (D&B, pharmahopers, pharmaadda, protechtelelinks)"
Galen Pharmaceuticals,Pharma,Vadodara,Medium,,"web search: pharma directories (D&B, pharmahopers, pharmaadda, protechtelelinks)"
Esma Formulations,Pharma,Vadodara,Medium,,"web search: pharma directories (D&B, pharmahopers, pharmaadda, protechtelelinks)"
Gujarat Ambuja Co-operative Bank,Banking,Ahmedabad,Medium,,web search: RBI / DICGC co-operative bank lists
Apani Sahakari Bank,Banking,Ahmedabad,Medium,,web search: RBI / DICGC co-operative bank lists
Nidhi Co-operative Bank,Banking,Ahmedabad,Medium,,web search: RBI / DICGC co-operative bank lists
Gujarat Rajya Karmachari Co-operative Bank,Banking,Ahmedabad,Medium,,web search: RBI / DICGC co-operative bank lists
Social Co-operative Bank,Banking,Ahmedabad,Medium,,web search: RBI / DICGC co-operative bank lists
United Co-operative Bank,Banking,Ahmedabad,Medium,,web search: RBI / DICGC co-operative bank lists
Karnavati Co-operative Bank,Banking,Ahmedabad,Medium,,web search: RBI / DICGC co-operative bank lists
Maninagar Co-operative Bank,Banking,Ahmedabad,Medium,,web search: RBI / DICGC co-operative bank lists
Sarangpur Co-operative Bank,Banking,Ahmedabad,Medium,,web search: RBI / DICGC co-operative bank lists
Shree Vardhaman Sahakari Bank,Banking,Vadodara,Medium,,web search: RBI / DICGC co-operative bank lists
Shri Bhailalbhai Contractor Smarak Co-operative Bank,Banking,Vadodara,Medium,,web search: RBI / DICGC co-operative bank lists
Shree Bharat Co-operative Bank,Banking,Vadodara,Medium,https://shreebharat.bank.in,web search: RBI / DICGC co-operative bank lists
Caparo Group,Automotive,Halol,Medium,,web search: Gujarat auto sector profile / car dealer directories
HI-LEX India,Automotive,Sanand,Medium,,web search: Gujarat auto sector profile / car dealer directories
Rucha Engineers,Automotive,Sanand,Medium,,web search: Gujarat auto sector profile / car dealer directories
Gallops Hyundai,Automotive,Ahmedabad,Medium,,web search: Gujarat auto sector profile / car dealer directories
Veda Hyundai,Automotive,Ahmedabad,Medium,,web search: Gujarat auto sector profile / car dealer directories
VTEX Hyundai,Automotive,Ahmedabad,Medium,,web search: Gujarat auto sector profile / car dealer directories
Karnavati Hyundai,Automotive,Ahmedabad,Medium,,web search: Gujarat auto sector profile / car dealer directories
Sharma Hyundai,Automotive,Ahmedabad,Medium,,web search: Gujarat auto sector profile / car dealer directories
Pratham Hyundai,Automotive,Ahmedabad,Medium,,web search: Gujarat auto sector profile / car dealer directories
Landmark Honda,Automotive,Ahmedabad,Medium,,web search: Gujarat auto sector profile / car dealer directories
Down Town Hyundai,Automotive,Vadodara,Medium,,web search: Gujarat auto sector profile / car dealer directories
Ganesh Hyundai,Automotive,Vadodara,Medium,,web search: Gujarat auto sector profile / car dealer directories
RSA Hyundai,Automotive,Vadodara,Medium,,web search: Gujarat auto sector profile / car dealer directories
Bluebird Solar,Solar,Ahmedabad,Medium,https://bluebirdsolar.com,"web search: solar company lists (Bluebird Solar blog, company sites)"
Grace Renewable Energy,Solar,Ahmedabad,Medium,https://gracerenew.com,"web search: solar company lists (Bluebird Solar blog, company sites)"
Australian Premium Solar,Solar,Ahmedabad,Medium,https://australianpremiumsolar.co.in,"web search: solar company lists (Bluebird Solar blog, company sites)"
Solpath Energy,Solar,Ahmedabad,Medium,https://solpathenergy.com,"web search: solar company lists (Bluebird Solar blog, company sites)"
Citizen Solar,Solar,Ahmedabad,Medium,https://www.citizensolar.com,"web search: solar company lists (Bluebird Solar blog, company sites)"
Zodiac Energy,Solar,Ahmedabad,Medium,https://zodiacenergy.com,"web search: solar company lists (Bluebird Solar blog, company sites)"
GB Solar,Solar,Vadodara,Medium,https://gb.solar,"web search: solar company lists (Bluebird Solar blog, company sites)"
Tata Power Solar,Solar,Ahmedabad,Large,,"web search: solar company lists (Bluebird Solar blog, company sites)"
Adani Solar,Solar,Ahmedabad,Large,,"web search: solar company lists (Bluebird Solar blog, company sites)"
Ashirwad Chemical Industries,Chemical,Ahmedabad,Medium,,"web search: Vatva / Naroda / Nandesari / Makarpura GIDC chemical listings (Sulekha, JustDial, Scribd GIDC directories)"
Modern Chemical Industries,Chemical,Ahmedabad,Medium,,"web search: Vatva / Naroda / Nandesari / Makarpura GIDC chemical listings (Sulekha, JustDial, Scribd GIDC directories)"
Krunal Chemical Industries,Chemical,Ahmedabad,Medium,,"web search: Vatva / Naroda / Nandesari / Makarpura GIDC chemical listings (Sulekha, JustDial, Scribd GIDC directories)"
Khyati Chemical Industries,Chemical,Ahmedabad,Medium,,"web search: Vatva / Naroda / Nandesari / Makarpura GIDC chemical listings (Sulekha, JustDial, Scribd GIDC directories)"
Ruby Chemical Industries,Chemical,Ahmedabad,Medium,,"web search: Vatva / Naroda / Nandesari / Makarpura GIDC chemical listings (Sulekha, JustDial, Scribd GIDC directories)"
Ashish Chemicals,Chemical,Ahmedabad,Medium,,"web search: Vatva / Naroda / Nandesari / Makarpura GIDC chemical listings (Sulekha, JustDial, Scribd GIDC directories)"
Arham Chemex,Chemical,Ahmedabad,Medium,,"web search: Vatva / Naroda / Nandesari / Makarpura GIDC chemical listings (Sulekha, JustDial, Scribd GIDC directories)"
Dwarkesh Chemicals,Chemical,Ahmedabad,Medium,,"web search: Vatva / Naroda / Nandesari / Makarpura GIDC chemical listings (Sulekha, JustDial, Scribd GIDC directories)"
Gayatri Colour Chemicals Industries,Chemical,Ahmedabad,Medium,,"web search: Vatva / Naroda / Nandesari / Makarpura GIDC chemical listings (Sulekha, JustDial, Scribd GIDC directories)"
Hind Prakash International,Chemical,Ahmedabad,Medium,,"web search: Vatva / Naroda / Nandesari / Makarpura GIDC chemical listings (Sulekha, JustDial, Scribd GIDC directories)"
Astron Chemicals India,Chemical,Ahmedabad,Medium,,"web search: Vatva / Naroda / Nandesari / Makarpura GIDC chemical listings (Sulekha, JustDial, Scribd GIDC directories)"
Chaudhari Chemicals Corporation,Chemical,Ahmedabad,Medium,,"web search: Vatva / Naroda / Nandesari / Makarpura GIDC chemical listings (Sulekha, JustDial, Scribd GIDC directories)"
Aara Chemicals,Chemical,Ahmedabad,Medium,,"web search: Vatva / Naroda / Nandesari / Makarpura GIDC chemical listings (Sulekha, JustDial, Scribd GIDC directories)"
Jineshwar Chemicals,Chemical,Vadodara,Medium,,"web search: Vatva / Naroda / Nandesari / Makarpura GIDC chemical listings (Sulekha, JustDial, Scribd GIDC directories)"
Karan Dyestuff Industries,Chemical,Vadodara,Medium,,"web search: Vatva / Naroda / Nandesari / Makarpura GIDC chemical listings (Sulekha, JustDial, Scribd GIDC directories)"
Lyons Chemicals,Chemical,Vadodara,Medium,,"web search: Vatva / Naroda / Nandesari / Makarpura GIDC chemical listings (Sulekha, JustDial, Scribd GIDC directories)"
Trishul Chemicals,Chemical,Vadodara,Medium,,"web search: Vatva / Naroda / Nandesari / Makarpura GIDC chemical listings (Sulekha, JustDial, Scribd GIDC directories)"
Cosmos Chemicals,Chemical,Vadodara,Medium,,"web search: Vatva / Naroda / Nandesari / Makarpura GIDC chemical listings (Sulekha, JustDial, Scribd GIDC directories)"
Multi Chem,Chemical,Vadodara,Medium,,"web search: Vatva / Naroda / Nandesari / Makarpura GIDC chemical listings (Sulekha, JustDial, Scribd GIDC directories)"
Bahubali Chemical Industries,Chemical,Vadodara,Medium,,"web search: Vatva / Naroda / Nandesari / Makarpura GIDC chemical listings (Sulekha, JustDial, Scribd GIDC directories)"
Yomika Minerals & Chemicals,Chemical,Vadodara,Medium,,"web search: Vatva / Naroda / Nandesari / Makarpura GIDC chemical listings (Sulekha, JustDial, Scribd GIDC directories)"
Unison Insurance Broking Services,Insurance,Vadodara,Medium,https://unisoninsurance.net,"web search: insurer branch locators (Advisorkhoj, company sites)"
Reliance General Insurance (Vadodara),Insurance,Vadodara,Large,,"web search: insurer branch locators (Advisorkhoj, company sites)"
Tata AIG General Insurance (Vadodara),Insurance,Vadodara,Large,,"web search: insurer branch locators (Advisorkhoj, company sites)"
Royal Sundaram General Insurance (Vadodara),Insurance,Vadodara,Large,,"web search: insurer branch locators (Advisorkhoj, company sites)"
Max Life Insurance (Vadodara),Insurance,Vadodara,Large,,"web search: insurer branch locators (Advisorkhoj, company sites)"
Niva Bupa (Vadodara),Insurance,Vadodara,Large,,"web search: insurer branch locators (Advisorkhoj, company sites)"
Bajaj General Insurance (Ahmedabad),Insurance,Ahmedabad,Large,,"web search: insurer branch locators (Advisorkhoj, company sites)"
TatvaSoft,IT,Ahmedabad,Medium,,"web search: IT company rankings (La Net Team, Goodfirms, Brandveda, Built In)"
Vrinsoft Technology,IT,Ahmedabad,Medium,,"web search: IT company rankings (La Net Team, Goodfirms, Brandveda, Built In)"
Bacancy Technology,IT,Ahmedabad,Medium,,"web search: IT company rankings (La Net Team, Goodfirms, Brandveda, Built In)"
Agile Infoways,IT,Ahmedabad,Medium,,"web search: IT company rankings (La Net Team, Goodfirms, Brandveda, Built In)"
Hyperlink Infosystem,IT,Ahmedabad,Medium,,"web search: IT company rankings (La Net Team, Goodfirms, Brandveda, Built In)"
Radixweb,IT,Ahmedabad,Medium,,"web search: IT company rankings (La Net Team, Goodfirms, Brandveda, Built In)"
OpenXcell,IT,Ahmedabad,Medium,,"web search: IT company rankings (La Net Team, Goodfirms, Brandveda, Built In)"
Magneto IT Solutions,IT,Ahmedabad,Medium,,"web search: IT company rankings (La Net Team, Goodfirms, Brandveda, Built In)"
Simform,IT,Ahmedabad,Medium,,"web search: IT company rankings (La Net Team, Goodfirms, Brandveda, Built In)"
Capermint,IT,Ahmedabad,Medium,,"web search: IT company rankings (La Net Team, Goodfirms, Brandveda, Built In)"
Rapidops,IT,Ahmedabad,Medium,,"web search: IT company rankings (La Net Team, Goodfirms, Brandveda, Built In)"
La Net Team Software,IT,Ahmedabad,Medium,,"web search: IT company rankings (La Net Team, Goodfirms, Brandveda, Built In)"
Argusoft,IT,Gandhinagar,Medium,,"web search: IT company rankings (La Net Team, Goodfirms, Brandveda, Built In)"
DRC Systems,IT,Gandhinagar,Medium,,"web search: IT company rankings (La Net Team, Goodfirms, Brandveda, Built In)"
Hats Off Solutions,IT,Gandhinagar,Medium,,"web search: IT company rankings (La Net Team, Goodfirms, Brandveda, Built In)"
ODD EVEN Infotech,IT,Gandhinagar,Medium,,"web search: IT company rankings (La Net Team, Goodfirms, Brandveda, Built In)"
Quest Infosense,IT,Gandhinagar,Medium,,"web search: IT company rankings (La Net Team, Goodfirms, Brandveda, Built In)"
AlpsLogic IT Solutions,IT,Gandhinagar,Medium,,"web search: IT company rankings (La Net Team, Goodfirms, Brandveda, Built In)"
Xopple Infotech,IT,Gandhinagar,Medium,,"web search: IT company rankings (La Net Team, Goodfirms, Brandveda, Built In)"
Accrete Infosolution Technologies,IT,Gandhinagar,Medium,,"web search: IT company rankings (La Net Team, Goodfirms, Brandveda, Built In)"
Tech Avidus,IT,Gandhinagar,Medium,,"web search: IT company rankings (La Net Team, Goodfirms, Brandveda, Built In)"
eVision IT Solution,IT,Gandhinagar,Medium,,"web search: IT company rankings (La Net Team, Goodfirms, Brandveda, Built In)"
Tata Consultancy Services (Ahmedabad),IT,Ahmedabad,Large,,"web search: IT company rankings (La Net Team, Goodfirms, Brandveda, Built In)"
ELCEN,Engineering,Vadodara,Medium,,web search: Makarpura GIDC engineering listings
Krison Engineering Works,Engineering,Vadodara,Medium,,web search: Makarpura GIDC engineering listings
Sensewell Instruments,Engineering,Vadodara,Medium,,web search: Makarpura GIDC engineering listings
Kaps Engineers,Engineering,Vadodara,Medium,,web search: Makarpura GIDC engineering listings
Promac Engineering,Engineering,Vadodara,Medium,,web search: Makarpura GIDC engineering listings
Protech Engineers,Engineering,Vadodara,Medium,,web search: Makarpura GIDC engineering listings
Vision Capital Finance,Finance,Ahmedabad,Medium,,"web search: NBFC lists (Vision Capital, Ahmedabad NBFC lists)"
Het Finance,Finance,Ahmedabad,Medium,,"web search: NBFC lists (Vision Capital, Ahmedabad NBFC lists)"
Anand Property Finance,Finance,Ahmedabad,Medium,,"web search: NBFC lists (Vision Capital, Ahmedabad NBFC lists)"
Abhinandan Investments,Finance,Ahmedabad,Medium,,"web search: NBFC lists (Vision Capital, Ahmedabad NBFC lists)"
HDB Financial Services,Finance,Ahmedabad,Large,,"web search: NBFC lists (Vision Capital, Ahmedabad NBFC lists)"
Gujarat Ambuja Exports,FMCG,Ahmedabad,Medium,,web search: Ahmedabad FMCG / food company listings
Shree Uday Oil & Foods Industries,FMCG,Ahmedabad,Medium,,web search: Ahmedabad FMCG / food company listings
K I Z Foods,FMCG,Ahmedabad,Medium,,web search: Ahmedabad FMCG / food company listings
Parker Agrochem Exports,FMCG,Ahmedabad,Medium,,web search: Ahmedabad FMCG / food company listings
Zed Lifestyle (Beardo),FMCG,Ahmedabad,Medium,,web search: Ahmedabad FMCG / food company listings
Shivalik Group,Real Estate,Ahmedabad,Medium,,"web search: Ahmedabad / Vadodara builder lists (BankBazaar, 99acres, Realterz)"
Bakeri Group,Real Estate,Ahmedabad,Medium,,"web search: Ahmedabad / Vadodara builder lists (BankBazaar, 99acres, Realterz)"
Savvy Group,Real Estate,Ahmedabad,Medium,,"web search: Ahmedabad / Vadodara builder lists (BankBazaar, 99acres, Realterz)"
Ganesh Housing Corporation,Real Estate,Ahmedabad,Medium,,"web search: Ahmedabad / Vadodara builder lists (BankBazaar, 99acres, Realterz)"
Sun Builders,Real Estate,Ahmedabad,Medium,,"web search: Ahmedabad / Vadodara builder lists (BankBazaar, 99acres, Realterz)"
Shyam Group,Real Estate,Ahmedabad,Medium,,"web search: Ahmedabad / Vadodara builder lists (BankBazaar, 99acres, Realterz)"
Alpesh Infrastructure,Real Estate,Ahmedabad,Medium,,"web search: Ahmedabad / Vadodara builder lists (BankBazaar, 99acres, Realterz)"
Darshanam Group,Real Estate,Vadodara,Medium,,"web search: Ahmedabad / Vadodara builder lists (BankBazaar, 99acres, Realterz)"
Nyalkaran Group,Real Estate,Vadodara,Medium,,"web search: Ahmedabad / Vadodara builder lists (BankBazaar, 99acres, Realterz)"
Narayan Realty,Real Estate,Vadodara,Medium,,"web search: Ahmedabad / Vadodara builder lists (BankBazaar, 99acres, Realterz)"
VR Group,Real Estate,Vadodara,Medium,,"web search: Ahmedabad / Vadodara builder lists (BankBazaar, 99acres, Realterz)"
