name,state,type,website,source
University of South Florida (Health Informatics),,Graduate health informatics,https://www.usf.edu,web search: CAHIIM-accredited health informatics master's programs
Adelphi University,,Graduate health informatics,https://www.adelphi.edu,web search: CAHIIM-accredited health informatics master's programs
University of Scranton,,Graduate health informatics,https://www.scranton.edu,web search: CAHIIM-accredited health informatics master's programs
George Mason University,,Graduate health informatics,https://www.gmu.edu,web search: CAHIIM-accredited health informatics master's programs
Boston University Metropolitan College,,Graduate health informatics,https://www.bu.edu,web search: CAHIIM-accredited health informatics master's programs
University of Minnesota,,Graduate health informatics,https://www.umn.edu,web search: CAHIIM-accredited health informatics master's programs
East Carolina University,,HIM / health informatics undergraduate,https://www.ecu.edu,"web search: CAHIIM-accredited HIM bachelor's program lists (Research.com, Edumed, university pages)"
Charter Oak State College,,HIM / health informatics undergraduate,https://www.charteroak.edu,"web search: CAHIIM-accredited HIM bachelor's program lists (Research.com, Edumed, university pages)"
American Public University System,,HIM / health informatics undergraduate,https://www.apus.edu,"web search: CAHIIM-accredited HIM bachelor's program lists (Research.com, Edumed, university pages)"
Western Governors University,,HIM / health informatics undergraduate,https://www.wgu.edu,"web search: CAHIIM-accredited HIM bachelor's program lists (Research.com, Edumed, university pages)"
Rasmussen University,,HIM / health informatics undergraduate,https://www.rasmussen.edu,"web search: CAHIIM-accredited HIM bachelor's program lists (Research.com, Edumed, university pages)"
Southern New Hampshire University,,HIM / health informatics undergraduate,https://www.snhu.edu,"web search: CAHIIM-accredited HIM bachelor's program lists (Research.com, Edumed, university pages)"
Texas State University,,HIM / health informatics undergraduate,https://www.txst.edu,"web search: CAHIIM-accredited HIM bachelor's program lists (Research.com, Edumed, university pages)"
Eastern Kentucky University,,HIM / health informatics undergraduate,https://www.eku.edu,"web search: CAHIIM-accredited HIM bachelor's program lists (Research.com, Edumed, university pages)"
Parker University,,HIM / health informatics undergraduate,https://www.parker.edu,"web search: CAHIIM-accredited HIM bachelor's program lists (Research.com, Edumed, university pages)"
Davenport University,,HIM / health informatics undergraduate,https://www.davenport.edu,"web search: CAHIIM-accredited HIM bachelor's program lists (Research.com, Edumed, university pages)"
University of Cincinnati,,HIM / health informatics undergraduate,https://www.uc.edu,"web search: CAHIIM-accredited HIM bachelor's program lists (Research.com, Edumed, university pages)"
University of Arizona,,HIM / health informatics undergraduate,https://www.arizona.edu,"web search: CAHIIM-accredited HIM bachelor's program lists (Research.com, Edumed, university pages)"
Purdue University,,HIM / health informatics undergraduate,https://www.purdue.edu,"web search: CAHIIM-accredited HIM bachelor's program lists (Research.com, Edumed, university pages)"
Western Kentucky University,,HIM / health informatics undergraduate,https://www.wku.edu,"web search: CAHIIM-accredited HIM bachelor's program lists (Research.com, Edumed, university pages)"
Southwestern Oklahoma State University,,HIM / health informatics undergraduate,https://www.swosu.edu,"web search: CAHIIM-accredited HIM bachelor's program lists (Research.com, Edumed, university pages)"
Indiana Institute of Technology,,HIM / health informatics undergraduate,https://www.indianatech.edu,"web search: CAHIIM-accredited HIM bachelor's program lists (Research.com, Edumed, university pages)"
Herzing University,,HIM / health informatics undergraduate,https://www.herzing.edu,"web search: CAHIIM-accredited HIM bachelor's program lists (Research.com, Edumed, university pages)"
Kent State University,,HIM / health informatics undergraduate,https://www.kent.edu,"web search: CAHIIM-accredited HIM bachelor's program lists (Research.com, Edumed, university pages)"
University of Central Florida,,HIM / health informatics undergraduate,https://www.ucf.edu,"web search: CAHIIM-accredited HIM bachelor's program lists (Research.com, Edumed, university pages)"
AHIMA,,Association,https://www.ahima.org,web search: AHIMA / HIMSS student & chapter resources
HIMSS,,Association,https://www.himss.org,web search: AHIMA / HIMSS student & chapter resources
Ohio Health Information Management Association (OHIMA),,Association,https://www.ohima.org,web search: AHIMA / HIMSS student & chapter resources
Washington State HIMA (WSHIMA),,Association,https://www.wshima.org,web search: AHIMA / HIMSS student & chapter resources
