priority,company,target_role,linkedin_search,person_name,profile_url,connect_sent_date,accepted,replied,notes
1,EDI Staffing,Director of Talent Development,https://www.linkedin.com/search/results/people/?keywords=Director+of+Talent+Development+EDI+Staffing+,,,,,,
1,EDI Staffing,Director of Learning and Development,https://www.linkedin.com/search/results/people/?keywords=Director+of+Learning+and+Development+EDI+Staffing+,,,,,,
1,EDI Staffing,Director of Business Analysis,https://www.linkedin.com/search/results/people/?keywords=Director+of+Business+Analysis+EDI+Staffing+,,,,,,
1,Kore1,Director of Talent Development,https://www.linkedin.com/search/results/people/?keywords=Director+of+Talent+Development+Kore1+,,,,,,
1,Kore1,Director of Learning and Development,https://www.linkedin.com/search/results/people/?keywords=Director+of+Learning+and+Development+Kore1+,,,,,,
1,Kore1,Director of Business Analysis,https://www.linkedin.com/search/results/people/?keywords=Director+of+Business+Analysis+Kore1+,,,,,,
1,GHR Healthcare,Director of Talent Development,https://www.linkedin.com/search/results/people/?keywords=Director+of+Talent+Development+GHR+Healthcare+,,,,,,
1,GHR Healthcare,Director of Learning and Development,https://www.linkedin.com/search/results/people/?keywords=Director+of+Learning+and+Development+GHR+Healthcare+,,,,,,
1,GHR Healthcare,Director of Business Analysis,https://www.linkedin.com/search/results/people/?keywords=Director+of+Business+Analysis+GHR+Healthcare+,,,,,,
1,Acadia Technologies,Director of Talent Development,https://www.linkedin.com/search/results/people/?keywords=Director+of+Talent+Development+Acadia+Technologies+,,,,,,
1,Acadia Technologies,Director of Learning and Development,https://www.linkedin.com/search/results/people/?keywords=Director+of+Learning+and+Development+Acadia+Technologies+,,,,,,
1,Acadia Technologies,Director of Business Analysis,https://www.linkedin.com/search/results/people/?keywords=Director+of+Business+Analysis+Acadia+Technologies+,,,,,,
1,Dexian,Director of Talent Development,https://www.linkedin.com/search/results/people/?keywords=Director+of+Talent+Development+Dexian+,,,,,,
1,Dexian,Director of Learning and Development,https://www.linkedin.com/search/results/people/?keywords=Director+of+Learning+and+Development+Dexian+,,,,,,
1,Dexian,Director of Business Analysis,https://www.linkedin.com/search/results/people/?keywords=Director+of+Business+Analysis+Dexian+,,,,,,
1,Tegria,Director of Learning and Development,https://www.linkedin.com/search/results/people/?keywords=Director+of+Learning+and+Development+Tegria+,,,,,,
1,Tegria,Director of Business Analysis,https://www.linkedin.com/search/results/people/?keywords=Director+of+Business+Analysis+Tegria+,,,,,,
1,Tegria,EDI Manager,https://www.linkedin.com/search/results/people/?keywords=EDI+Manager+Tegria+,,,,,,
1,Nalasha Health,Director of Learning and Development,https://www.linkedin.com/search/results/people/?keywords=Director+of+Learning+and+Development+Nalasha+Health+,,,,,,
1,Nalasha Health,Director of Business Analysis,https://www.linkedin.com/search/results/people/?keywords=Director+of+Business+Analysis+Nalasha+Health+,,,,,,
1,Nalasha Health,EDI Manager,https://www.linkedin.com/search/results/people/?keywords=EDI+Manager+Nalasha+Health+,,,,,,
1,Nirmitee,Director of Learning and Development,https://www.linkedin.com/search/results/people/?keywords=Director+of+Learning+and+Development+Nirmitee+,,,,,,
1,Nirmitee,Director of Business Analysis,https://www.linkedin.com/search/results/people/?keywords=Director+of+Business+Analysis+Nirmitee+,,,,,,
1,Nirmitee,EDI Manager,https://www.linkedin.com/search/results/people/?keywords=EDI+Manager+Nirmitee+,,,,,,
1,PilotFish Technology,Director of Learning and Development,https://www.linkedin.com/search/results/people/?keywords=Director+of+Learning+and+Development+PilotFish+Technology+,,,,,,
1,PilotFish Technology,Director of Business Analysis,https://www.linkedin.com/search/results/people/?keywords=Director+of+Business+Analysis+PilotFish+Technology+,,,,,,
1,PilotFish Technology,EDI Manager,https://www.linkedin.com/search/results/people/?keywords=EDI+Manager+PilotFish+Technology+,,,,,,
1,Availity,Director of Learning and Development,https://www.linkedin.com/search/results/people/?keywords=Director+of+Learning+and+Development+Availity+,,,,,,
1,Availity,Director of Business Analysis,https://www.linkedin.com/search/results/people/?keywords=Director+of+Business+Analysis+Availity+,,,,,,
1,Availity,EDI Manager,https://www.linkedin.com/search/results/people/?keywords=EDI+Manager+Availity+,,,,,,
1,Waystar,Director of Learning and Development,https://www.linkedin.com/search/results/people/?keywords=Director+of+Learning+and+Development+Waystar+,,,,,,
1,Waystar,Director of Business Analysis,https://www.linkedin.com/search/results/people/?keywords=Director+of+Business+Analysis+Waystar+,,,,,,
1,Waystar,EDI Manager,https://www.linkedin.com/search/results/people/?keywords=EDI+Manager+Waystar+,,,,,,
1,Experian Health,Director of Learning and Development,https://www.linkedin.com/search/results/people/?keywords=Director+of+Learning+and+Development+Experian+Health+,,,,,,
1,Experian Health,Director of Business Analysis,https://www.linkedin.com/search/results/people/?keywords=Director+of+Business+Analysis+Experian+Health+,,,,,,
1,Experian Health,EDI Manager,https://www.linkedin.com/search/results/people/?keywords=EDI+Manager+Experian+Health+,,,,,,
2,Centene,Director of Business Analysis,https://www.linkedin.com/search/results/people/?keywords=Director+of+Business+Analysis+Centene+,,,,,,
2,Centene,EDI Manager,https://www.linkedin.com/search/results/people/?keywords=EDI+Manager+Centene+,,,,,,
2,Humana,Director of Business Analysis,https://www.linkedin.com/search/results/people/?keywords=Director+of+Business+Analysis+Humana+,,,,,,
2,Humana,EDI Manager,https://www.linkedin.com/search/results/people/?keywords=EDI+Manager+Humana+,,,,,,
2,Elevance Health,Director of Business Analysis,https://www.linkedin.com/search/results/people/?keywords=Director+of+Business+Analysis+Elevance+Health+,,,,,,
2,Elevance Health,EDI Manager,https://www.linkedin.com/search/results/people/?keywords=EDI+Manager+Elevance+Health+,,,,,,
